Step,StepName,Marker,InitialMean_mm,FinalMean_mm,MeanChange_mm,InitialRMS_mm,FinalRMS_mm,RMSChange_mm,InitialMax_mm,FinalMax_mm
1,SUBJ63_3_JMP_01_pelvis_thigh_marker_adjustment,R_Asis,10.3358236842105,4.10916801169591,-6.22665567251462,10.6895192484845,4.42264934952995,-6.26686989895452,16.48392,7.62318
1,SUBJ63_3_JMP_01_pelvis_thigh_marker_adjustment,L_Asis,7.76116362573099,4.70224935672515,-3.05891426900585,8.25527286810405,4.98674880484351,-3.26852406326054,13.52061,8.62545
1,SUBJ63_3_JMP_01_pelvis_thigh_marker_adjustment,Sacral,9.29837309941521,5.89812263157895,-3.40025046783626,9.58342761287019,6.26272077264347,-3.32070684022672,13.46971,10.69633
1,SUBJ63_3_JMP_01_pelvis_thigh_marker_adjustment,R_Thigh_Lateral,9.90796719298245,5.05912929824561,-4.84883789473684,10.6686318075667,6.0020938079589,-4.6665379996078,20.89688,14.01766
1,SUBJ63_3_JMP_01_pelvis_thigh_marker_adjustment,R_Knee_Lateral,16.9630508187135,3.32713649122807,-13.6359143274854,19.3373442305938,3.84573150034323,-15.4916127302506,32.76585,8.61961
1,SUBJ63_3_JMP_01_pelvis_thigh_marker_adjustment,R_Shank_Lateral,11.7383094152047,7.19918678362573,-4.53912263157895,14.3323224887006,8.24275168634794,-6.08957080235262,29.74939,17.15856
1,SUBJ63_3_JMP_01_pelvis_thigh_marker_adjustment,R_Ankle_Lateral,6.15978520467836,2.95589730994152,-3.20388789473684,6.9760435159399,3.34869533391755,-3.62734818202235,12.12549,7.21883
1,SUBJ63_3_JMP_01_pelvis_thigh_marker_adjustment,R_Heel,6.32855918128655,4.07323970760234,-2.25531947368421,6.60722600034164,4.1855607221474,-2.42166527819425,10.18055,6.70242
1,SUBJ63_3_JMP_01_pelvis_thigh_marker_adjustment,R_Toe,3.97951567251462,2.35836660818714,-1.62114906432748,4.35089142155331,2.45208615634591,-1.8988052652074,8.40069,4.33766
1,SUBJ63_3_JMP_01_pelvis_thigh_marker_adjustment,L_Thigh_Lateral,10.478488128655,4.87445619883041,-5.60403192982456,11.7840465514072,5.34851667680119,-6.43552987460604,19.5162,9.2298
1,SUBJ63_3_JMP_01_pelvis_thigh_marker_adjustment,L_Knee_Lateral,18.2413258479532,4.31349959064328,-13.9278262573099,20.9221068970259,4.81972678648073,-16.1023801105452,35.3779,8.73483
1,SUBJ63_3_JMP_01_pelvis_thigh_marker_adjustment,L_Shank_Lateral,10.8659935672515,6.3123065497076,-4.55368701754386,12.4153537321784,7.32344472987576,-5.09190900230267,23.01992,16.20662
1,SUBJ63_3_JMP_01_pelvis_thigh_marker_adjustment,L_Ankle_Lateral,8.75606900584795,3.18902350877193,-5.56704549707602,9.40941056772346,3.76189697582893,-5.64751359189453,14.96188,8.34903
1,SUBJ63_3_JMP_01_pelvis_thigh_marker_adjustment,L_Heel,6.49600736842105,3.2918869005848,-3.20412046783626,6.74546932154174,3.40098521072216,-3.34448411081958,10.17383,5.41472
1,SUBJ63_3_JMP_01_pelvis_thigh_marker_adjustment,L_Toe,4.69332947368421,2.38245251461988,-2.31087695906433,5.12267868752471,2.55231845676259,-2.57036023076211,9.43581,4.72145
1,SUBJ63_3_JMP_01_pelvis_thigh_marker_adjustment,R_Shoulder,7.19114204678363,4.46602315789474,-2.72511888888889,7.48254894751973,4.98443335821137,-2.49811558930836,11.76728,9.43667
1,SUBJ63_3_JMP_01_pelvis_thigh_marker_adjustment,L_Shoulder,8.57795894736842,6.78544783625731,-1.79251111111111,8.68329518409359,6.8515913496512,-1.83170383444238,10.90885,9.98521
1,SUBJ63_3_JMP_01_pelvis_thigh_marker_adjustment,C7,4.15206421052632,5.56256035087719,1.41049614035088,4.42233416547183,5.72329454382292,1.30096037835109,8.76612,8.87134
1,SUBJ63_3_JMP_01_pelvis_thigh_marker_adjustment,J_Notch,5.56312175438597,5.53365619883041,-0.0294655555555566,5.72256977509476,5.70426788854595,-0.0183018865488049,7.98584,7.98636
1,SUBJ63_3_JMP_01_pelvis_thigh_marker_adjustment,Thoracic,9.42831508771929,4.59285894736842,-4.83545614035087,9.96279915846777,4.90227347390984,-5.06052568455793,14.50139,8.30366
1,SUBJ63_3_JMP_01_pelvis_thigh_marker_adjustment,Sternum,9.13470883040936,7.56166543859649,-1.57304339181286,9.89602243114196,8.05986658532417,-1.83615584581779,18.85005,14.83161
1,SUBJ63_3_JMP_01_pelvis_thigh_marker_adjustment,R_Elbow,11.0758622807018,5.37305707602339,-5.70280520467836,11.5653167418068,6.12409444075244,-5.44122230105439,16.81604,10.47432
1,SUBJ63_3_JMP_01_pelvis_thigh_marker_adjustment,L_Elbow,5.8494983625731,4.70063304093567,-1.14886532163743,7.32816371810662,5.57135117381462,-1.75681254429201,13.71653,10.42608
1,SUBJ63_3_JMP_01_pelvis_thigh_marker_adjustment,R_Wrist,7.10108368421052,3.45140239766082,-3.64968128654971,7.33039333779928,3.91664764964394,-3.41374568815534,10.46499,6.80502
1,SUBJ63_3_JMP_01_pelvis_thigh_marker_adjustment,L_Wrist,4.07771099415205,3.51208912280702,-0.565621871345028,5.13578437766295,4.30990825768345,-0.825876119979503,9.22618,7.9218
2,SUBJ63_3_JMP_02_knee_ankle_joint_personalization,R_Asis,4.10916801169591,4.10635538011696,-0.0028126315789476,4.42264934952995,4.42557697060643,0.00292762107648344,7.62318,7.47573
2,SUBJ63_3_JMP_02_knee_ankle_joint_personalization,L_Asis,4.70224935672515,4.68156719298246,-0.0206821637426888,4.98674880484351,4.96988275533569,-0.016866049507824,8.62545,8.67354
2,SUBJ63_3_JMP_02_knee_ankle_joint_personalization,Sacral,5.89812263157895,5.87293005847953,-0.0251925730994145,6.26272077264347,6.24218803359173,-0.0205327390517393,10.69633,10.62453
2,SUBJ63_3_JMP_02_knee_ankle_joint_personalization,R_Thigh_Lateral,5.05912929824561,5.04768719298246,-0.0114421052631588,6.0020938079589,5.98150351649007,-0.0205902914688361,14.01766,13.80739
2,SUBJ63_3_JMP_02_knee_ankle_joint_personalization,R_Knee_Lateral,3.32713649122807,3.36102251461988,0.0338860233918127,3.84573150034323,3.84946069995602,0.00372919961278816,8.61961,8.42173
2,SUBJ63_3_JMP_02_knee_ankle_joint_personalization,R_Shank_Lateral,7.19918678362573,6.97498894736842,-0.224197836257311,8.24275168634794,8.04432204207731,-0.19842964427063,17.15856,17.43955
2,SUBJ63_3_JMP_02_knee_ankle_joint_personalization,R_Ankle_Lateral,2.95589730994152,2.89775339181287,-0.0581439181286544,3.34869533391755,3.27320254911461,-0.0754927848029357,7.21883,6.77739
2,SUBJ63_3_JMP_02_knee_ankle_joint_personalization,R_Heel,4.07323970760234,4.08170941520468,0.00846970760233923,4.1855607221474,4.19560376038479,0.0100430382373902,6.70242,6.57248
2,SUBJ63_3_JMP_02_knee_ankle_joint_personalization,R_Toe,2.35836660818714,2.36532514619883,0.00695853801169558,2.45208615634591,2.46359088070064,0.0115047243547249,4.33766,4.43651
2,SUBJ63_3_JMP_02_knee_ankle_joint_personalization,L_Thigh_Lateral,4.87445619883041,4.84991736842105,-0.0245388304093569,5.34851667680119,5.32648537865881,-0.0220312981423828,9.2298,9.26387
2,SUBJ63_3_JMP_02_knee_ankle_joint_personalization,L_Knee_Lateral,4.31349959064328,4.34505233918129,0.0315527485380109,4.81972678648073,4.85996735809647,0.0402405716157352,8.73483,8.82223
2,SUBJ63_3_JMP_02_knee_ankle_joint_personalization,L_Shank_Lateral,6.3123065497076,6.25455742690059,-0.0577491228070165,7.32344472987576,7.24273533391158,-0.0807093959641842,16.20662,16.1937
2,SUBJ63_3_JMP_02_knee_ankle_joint_personalization,L_Ankle_Lateral,3.18902350877193,3.04373824561404,-0.145285263157895,3.76189697582893,3.58703580391651,-0.174861171912426,8.34903,7.95882
2,SUBJ63_3_JMP_02_knee_ankle_joint_personalization,L_Heel,3.2918869005848,3.19773555555556,-0.0941513450292398,3.40098521072216,3.30726537623843,-0.0937198344837372,5.41472,5.20601
2,SUBJ63_3_JMP_02_knee_ankle_joint_personalization,L_Toe,2.38245251461988,2.37826116959064,-0.00419134502924016,2.55231845676259,2.56147481062277,0.00915635386017875,4.72145,4.67547
2,SUBJ63_3_JMP_02_knee_ankle_joint_personalization,R_Shoulder,4.46602315789474,4.4631552631579,-0.00286789473684206,4.98443335821137,4.98240749380433,-0.00202586440704172,9.43667,9.4498
2,SUBJ63_3_JMP_02_knee_ankle_joint_personalization,L_Shoulder,6.78544783625731,6.80091134502924,0.0154635087719285,6.8515913496512,6.86833780201935,0.0167464523681427,9.98521,9.96876
2,SUBJ63_3_JMP_02_knee_ankle_joint_personalization,C7,5.56256035087719,5.55034415204678,-0.0122161988304103,5.72329454382292,5.71032418320721,-0.0129703606157145,8.87134,8.86559
2,SUBJ63_3_JMP_02_knee_ankle_joint_personalization,J_Notch,5.53365619883041,5.52738304093567,-0.00627315789473656,5.70426788854595,5.69770920358811,-0.00655868495784504,7.98636,7.98296
2,SUBJ63_3_JMP_02_knee_ankle_joint_personalization,Thoracic,4.59285894736842,4.59289964912281,4.0701754386134e-05,4.90227347390984,4.9056461280062,0.00337265409636363,8.30366,8.27203
2,SUBJ63_3_JMP_02_knee_ankle_joint_personalization,Sternum,7.56166543859649,7.55458555555556,-0.00707988304093649,8.05986658532417,8.05612567011885,-0.00374091520531986,14.83161,14.83987
2,SUBJ63_3_JMP_02_knee_ankle_joint_personalization,R_Elbow,5.37305707602339,5.38180286549708,0.00874578947368358,6.12409444075244,6.1278589502992,0.0037645095467562,10.47432,10.48507
2,SUBJ63_3_JMP_02_knee_ankle_joint_personalization,L_Elbow,4.70063304093567,4.67445157894737,-0.0261814619883036,5.57135117381462,5.56559730142752,-0.00575387238709469,10.42608,10.33409
2,SUBJ63_3_JMP_02_knee_ankle_joint_personalization,R_Wrist,3.45140239766082,3.45990263157895,0.00850023391812775,3.91664764964394,3.92254671928696,0.00589906964301896,6.80502,6.78144
2,SUBJ63_3_JMP_02_knee_ankle_joint_personalization,L_Wrist,3.51208912280702,3.49922959064327,-0.0128595321637432,4.30990825768345,4.31306800115784,0.0031597434743966,7.9218,8.01742
3,SUBJ63_3_JMP_03_lower_limb_body_marker_personalization,R_Asis,4.10635538011696,4.03821087719298,-0.0681445029239777,4.42557697060643,4.41892006060926,-0.00665690999716688,7.47573,8.31022
3,SUBJ63_3_JMP_03_lower_limb_body_marker_personalization,L_Asis,4.68156719298246,4.38673970760234,-0.294827485380119,4.96988275533569,4.74929727879211,-0.220585476543581,8.67354,8.10719
3,SUBJ63_3_JMP_03_lower_limb_body_marker_personalization,Sacral,5.87293005847953,5.83112157894737,-0.0418084795321648,6.24218803359173,6.17651841093824,-0.0656696226534878,10.62453,9.80334
3,SUBJ63_3_JMP_03_lower_limb_body_marker_personalization,R_Thigh_Lateral,5.04768719298246,5.08737754385965,0.039690350877193,5.98150351649007,5.98751145236376,0.00600793587368902,13.80739,12.88322
3,SUBJ63_3_JMP_03_lower_limb_body_marker_personalization,R_Knee_Lateral,3.36102251461988,2.65223169590643,-0.708790818713451,3.84946069995602,3.16669734918746,-0.682763350768556,8.42173,8.41079
3,SUBJ63_3_JMP_03_lower_limb_body_marker_personalization,R_Shank_Lateral,6.97498894736842,5.14331608187134,-1.83167286549708,8.04432204207731,6.191090017334,-1.85323202474331,17.43955,14.25193
3,SUBJ63_3_JMP_03_lower_limb_body_marker_personalization,R_Ankle_Lateral,2.89775339181287,1.91940678362573,-0.978346608187134,3.27320254911461,2.20334020052756,-1.06986234858706,6.77739,5.76054
3,SUBJ63_3_JMP_03_lower_limb_body_marker_personalization,R_Heel,4.08170941520468,1.88016631578947,-2.2015430994152,4.19560376038479,2.18542596652359,-2.0101777938612,6.57248,4.51043
3,SUBJ63_3_JMP_03_lower_limb_body_marker_personalization,R_Toe,2.36532514619883,1.50291906432749,-0.862406081871345,2.46359088070064,1.6667972424499,-0.796793638250736,4.43651,4.09866
3,SUBJ63_3_JMP_03_lower_limb_body_marker_personalization,L_Thigh_Lateral,4.84991736842105,4.97440766081871,0.12449029239766,5.32648537865881,5.45129731982138,0.124811941162575,9.26387,9.18481
3,SUBJ63_3_JMP_03_lower_limb_body_marker_personalization,L_Knee_Lateral,4.34505233918129,3.39025754385965,-0.954794795321638,4.85996735809647,3.72830017369392,-1.13166718440255,8.82223,7.52273
3,SUBJ63_3_JMP_03_lower_limb_body_marker_personalization,L_Shank_Lateral,6.25455742690059,4.82089105263158,-1.43366637426901,7.24273533391158,5.69966587057168,-1.54306946333989,16.1937,13.23537
3,SUBJ63_3_JMP_03_lower_limb_body_marker_personalization,L_Ankle_Lateral,3.04373824561404,2.39508157894737,-0.648656666666667,3.58703580391651,2.84361437818582,-0.743421425730684,7.95882,6.90523
3,SUBJ63_3_JMP_03_lower_limb_body_marker_personalization,L_Heel,3.19773555555556,2.24937204678363,-0.94836350877193,3.30726537623843,2.5108062958725,-0.796459080365926,5.20601,5.0085
3,SUBJ63_3_JMP_03_lower_limb_body_marker_personalization,L_Toe,2.37826116959064,1.92633543859649,-0.451925730994152,2.56147481062277,2.1194059943988,-0.442068816223973,4.67547,4.06444
3,SUBJ63_3_JMP_03_lower_limb_body_marker_personalization,R_Shoulder,4.4631552631579,4.46687497076023,0.00371970760233795,4.98240749380433,5.00631005781563,0.0239025640113022,9.4498,9.56499
3,SUBJ63_3_JMP_03_lower_limb_body_marker_personalization,L_Shoulder,6.80091134502924,6.81819105263158,0.0172797076023407,6.86833780201935,6.8844348296329,0.0160970276135534,9.96876,10.11558
3,SUBJ63_3_JMP_03_lower_limb_body_marker_personalization,C7,5.55034415204678,5.58477140350877,0.0344272514619893,5.71032418320721,5.72718615543664,0.0168619722294358,8.86559,8.86162
3,SUBJ63_3_JMP_03_lower_limb_body_marker_personalization,J_Notch,5.52738304093567,5.55866877192982,0.0312857309941522,5.69770920358811,5.73550313520386,0.0377939316157545,7.98296,8.18859
3,SUBJ63_3_JMP_03_lower_limb_body_marker_personalization,Thoracic,4.59289964912281,4.57696941520468,-0.0159302339181279,4.9056461280062,4.89654404430111,-0.00910208370508581,8.27203,8.15859
3,SUBJ63_3_JMP_03_lower_limb_body_marker_personalization,Sternum,7.55458555555556,7.64955415204678,0.0949685964912288,8.05612567011885,8.18186032229849,0.125734652179636,14.83987,15.31653
3,SUBJ63_3_JMP_03_lower_limb_body_marker_personalization,R_Elbow,5.38180286549708,5.33705713450292,-0.0447457309941503,6.1278589502992,6.08744374768515,-0.0404152026140508,10.48507,10.46897
3,SUBJ63_3_JMP_03_lower_limb_body_marker_personalization,L_Elbow,4.67445157894737,4.69073760233918,0.0162860233918118,5.56559730142752,5.57739177263113,0.0117944712036116,10.33409,10.4622
3,SUBJ63_3_JMP_03_lower_limb_body_marker_personalization,R_Wrist,3.45990263157895,3.43947596491228,-0.0204266666666659,3.92254671928696,3.90724641406921,-0.0153003052177463,6.78144,6.7698
3,SUBJ63_3_JMP_03_lower_limb_body_marker_personalization,L_Wrist,3.49922959064327,3.50366263157895,0.00443304093567312,4.31306800115784,4.31592519393376,0.00285719277591783,8.01742,8.06593
4,SUBJ63_3_JMP_04_ankle_axis_personalization,R_Asis,4.03821087719298,4.03821087719298,0,4.41892006060926,4.41892006060926,0,8.31022,8.31022
4,SUBJ63_3_JMP_04_ankle_axis_personalization,L_Asis,4.38673970760234,4.38673970760234,0,4.74929727879211,4.74929727879211,0,8.10719,8.10719
4,SUBJ63_3_JMP_04_ankle_axis_personalization,Sacral,5.83112157894737,5.83112157894737,0,6.17651841093824,6.17651841093824,0,9.80334,9.80334
4,SUBJ63_3_JMP_04_ankle_axis_personalization,R_Thigh_Lateral,5.08737754385965,5.08737754385965,0,5.98751145236376,5.98751145236376,0,12.88322,12.88322
4,SUBJ63_3_JMP_04_ankle_axis_personalization,R_Knee_Lateral,2.65223169590643,2.65223169590643,0,3.16669734918746,3.16669734918746,0,8.41079,8.41079
4,SUBJ63_3_JMP_04_ankle_axis_personalization,R_Shank_Lateral,5.14331608187134,5.14331608187134,0,6.191090017334,6.191090017334,0,14.25193,14.25193
4,SUBJ63_3_JMP_04_ankle_axis_personalization,R_Ankle_Lateral,1.91940678362573,1.91940678362573,0,2.20334020052756,2.20334020052756,0,5.76054,5.76054
4,SUBJ63_3_JMP_04_ankle_axis_personalization,R_Heel,1.88016631578947,1.88016631578947,0,2.18542596652359,2.18542596652359,0,4.51043,4.51043
4,SUBJ63_3_JMP_04_ankle_axis_personalization,R_Toe,1.50291906432749,1.50291906432749,0,1.6667972424499,1.6667972424499,0,4.09866,4.09866
4,SUBJ63_3_JMP_04_ankle_axis_personalization,L_Thigh_Lateral,4.97440766081871,4.97440766081871,0,5.45129731982138,5.45129731982138,0,9.18481,9.18481
4,SUBJ63_3_JMP_04_ankle_axis_personalization,L_Knee_Lateral,3.39025754385965,3.39025754385965,0,3.72830017369392,3.72830017369392,0,7.52273,7.52273
4,SUBJ63_3_JMP_04_ankle_axis_personalization,L_Shank_Lateral,4.82089105263158,4.82089105263158,0,5.69966587057168,5.69966587057168,0,13.23537,13.23537
4,SUBJ63_3_JMP_04_ankle_axis_personalization,L_Ankle_Lateral,2.39508157894737,2.39508157894737,0,2.84361437818582,2.84361437818582,0,6.90523,6.90523
4,SUBJ63_3_JMP_04_ankle_axis_personalization,L_Heel,2.24937204678363,2.24937204678363,0,2.5108062958725,2.5108062958725,0,5.0085,5.0085
4,SUBJ63_3_JMP_04_ankle_axis_personalization,L_Toe,1.92633543859649,1.92633543859649,0,2.1194059943988,2.1194059943988,0,4.06444,4.06444
4,SUBJ63_3_JMP_04_ankle_axis_personalization,R_Shoulder,4.46687497076023,4.46687497076023,0,5.00631005781563,5.00631005781563,0,9.56499,9.56499
4,SUBJ63_3_JMP_04_ankle_axis_personalization,L_Shoulder,6.81819105263158,6.81819105263158,0,6.8844348296329,6.8844348296329,0,10.11558,10.11558
4,SUBJ63_3_JMP_04_ankle_axis_personalization,C7,5.58477140350877,5.58477140350877,0,5.72718615543664,5.72718615543664,0,8.86162,8.86162
4,SUBJ63_3_JMP_04_ankle_axis_personalization,J_Notch,5.55866877192982,5.55866877192982,0,5.73550313520386,5.73550313520386,0,8.18859,8.18859
4,SUBJ63_3_JMP_04_ankle_axis_personalization,Thoracic,4.57696941520468,4.57696941520468,0,4.89654404430111,4.89654404430111,0,8.15859,8.15859
4,SUBJ63_3_JMP_04_ankle_axis_personalization,Sternum,7.64955415204678,7.64955415204678,0,8.18186032229849,8.18186032229849,0,15.31653,15.31653
4,SUBJ63_3_JMP_04_ankle_axis_personalization,R_Elbow,5.33705713450292,5.33705713450292,0,6.08744374768515,6.08744374768515,0,10.46897,10.46897
4,SUBJ63_3_JMP_04_ankle_axis_personalization,L_Elbow,4.69073760233918,4.69073760233918,0,5.57739177263113,5.57739177263113,0,10.4622,10.4622
4,SUBJ63_3_JMP_04_ankle_axis_personalization,R_Wrist,3.43947596491228,3.43947596491228,0,3.90724641406921,3.90724641406921,0,6.7698,6.7698
4,SUBJ63_3_JMP_04_ankle_axis_personalization,L_Wrist,3.50366263157895,3.50366263157895,0,4.31592519393376,4.31592519393376,0,8.06593,8.06593
5,SUBJ63_3_JMP_05_torso_marker_adjustment,R_Asis,4.03821087719298,4.01856877192982,-0.0196421052631578,4.41892006060926,4.39090747755082,-0.0280125830584435,8.31022,8.05574
5,SUBJ63_3_JMP_05_torso_marker_adjustment,L_Asis,4.38673970760234,4.27760543859649,-0.109134269005847,4.74929727879211,4.63204530569071,-0.117251973101396,8.10719,8.3277
5,SUBJ63_3_JMP_05_torso_marker_adjustment,Sacral,5.83112157894737,4.96582263157895,-0.86529894736842,6.17651841093824,5.28268925368272,-0.893829157255524,9.80334,9.47416
5,SUBJ63_3_JMP_05_torso_marker_adjustment,R_Thigh_Lateral,5.08737754385965,5.08546309941521,-0.00191444444444348,5.98751145236376,5.96293838815482,-0.024573064208935,12.88322,12.71646
5,SUBJ63_3_JMP_05_torso_marker_adjustment,R_Knee_Lateral,2.65223169590643,2.60274953216374,-0.0494821637426895,3.16669734918746,3.09654241572786,-0.070154933459595,8.41079,8.26924
5,SUBJ63_3_JMP_05_torso_marker_adjustment,R_Shank_Lateral,5.14331608187134,5.11424140350877,-0.0290746783625732,6.191090017334,6.18295563528144,-0.00813438205256572,14.25193,14.29345
5,SUBJ63_3_JMP_05_torso_marker_adjustment,R_Ankle_Lateral,1.91940678362573,1.86514362573099,-0.0542631578947376,2.20334020052756,2.15434765596489,-0.0489925445626709,5.76054,5.5992
5,SUBJ63_3_JMP_05_torso_marker_adjustment,R_Heel,1.88016631578947,1.82961087719298,-0.0505554385964915,2.18542596652359,2.1161560139986,-0.0692699525249841,4.51043,4.27026
5,SUBJ63_3_JMP_05_torso_marker_adjustment,R_Toe,1.50291906432749,1.47279239766082,-0.0301266666666666,1.6667972424499,1.63635611277044,-0.0304411296794664,4.09866,3.81688
5,SUBJ63_3_JMP_05_torso_marker_adjustment,L_Thigh_Lateral,4.97440766081871,4.99715760233918,0.0227499415204674,5.45129731982138,5.42191286517328,-0.0293844546480999,9.18481,9.2063
5,SUBJ63_3_JMP_05_torso_marker_adjustment,L_Knee_Lateral,3.39025754385965,3.36787350877193,-0.022384035087719,3.72830017369392,3.75938324657467,0.0310830728807551,7.52273,7.80003
5,SUBJ63_3_JMP_05_torso_marker_adjustment,L_Shank_Lateral,4.82089105263158,4.83047222222222,0.0095811695906443,5.69966587057168,5.74331043124498,0.0436445606732958,13.23537,13.46418
5,SUBJ63_3_JMP_05_torso_marker_adjustment,L_Ankle_Lateral,2.39508157894737,2.38220877192982,-0.0128728070175432,2.84361437818582,2.83860406035034,-0.0050103178354851,6.90523,6.96903
5,SUBJ63_3_JMP_05_torso_marker_adjustment,L_Heel,2.24937204678363,2.24887883040936,-0.000493216374269478,2.5108062958725,2.48168261138964,-0.0291236844828634,5.0085,5.02711
5,SUBJ63_3_JMP_05_torso_marker_adjustment,L_Toe,1.92633543859649,1.89589578947368,-0.0304396491228075,2.1194059943988,2.08906985317384,-0.0303361412249611,4.06444,4.19542
5,SUBJ63_3_JMP_05_torso_marker_adjustment,R_Shoulder,4.46687497076023,3.20107432748538,-1.26580064327485,5.00631005781563,3.45142997120915,-1.55488008660648,9.56499,6.61074
5,SUBJ63_3_JMP_05_torso_marker_adjustment,L_Shoulder,6.81819105263158,3.4623583625731,-3.35583269005848,6.8844348296329,3.69869433214903,-3.18574049748387,10.11558,7.4299
5,SUBJ63_3_JMP_05_torso_marker_adjustment,C7,5.58477140350877,2.40218883040936,-3.18258257309942,5.72718615543664,2.53317760391259,-3.19400855152405,8.86162,6.05661
5,SUBJ63_3_JMP_05_torso_marker_adjustment,J_Notch,5.55866877192982,2.60289216374269,-2.95577660818713,5.73550313520386,2.94546730145496,-2.7900358337489,8.18859,5.94445
5,SUBJ63_3_JMP_05_torso_marker_adjustment,Thoracic,4.57696941520468,4.08365649122807,-0.493312923976609,4.89654404430111,4.31038884599896,-0.58615519830215,8.15859,7.10725
5,SUBJ63_3_JMP_05_torso_marker_adjustment,Sternum,7.64955415204678,4.73191280701754,-2.91764134502924,8.18186032229849,5.04866431793917,-3.13319600435932,15.31653,9.85623
5,SUBJ63_3_JMP_05_torso_marker_adjustment,R_Elbow,5.33705713450292,2.42608391812866,-2.91097321637427,6.08744374768515,2.74339503468472,-3.34404871300043,10.46897,5.23865
5,SUBJ63_3_JMP_05_torso_marker_adjustment,L_Elbow,4.69073760233918,3.15270578947368,-1.5380318128655,5.57739177263113,3.42573149292414,-2.15166027970699,10.4622,6.21422
5,SUBJ63_3_JMP_05_torso_marker_adjustment,R_Wrist,3.43947596491228,1.78739087719298,-1.6520850877193,3.90724641406921,2.02764386019285,-1.87960255387636,6.7698,4.04921
5,SUBJ63_3_JMP_05_torso_marker_adjustment,L_Wrist,3.50366263157895,2.68699912280702,-0.81666350877193,4.31592519393376,3.13044490005739,-1.18548029387637,8.06593,6.01214
6,SUBJ63_3_JMP_06_shoulder_elbow_joint_personalization,R_Asis,4.01856877192982,4.01647935672515,-0.00208941520467819,4.39090747755082,4.39735682383777,0.00644934628695436,8.05574,7.95878
6,SUBJ63_3_JMP_06_shoulder_elbow_joint_personalization,L_Asis,4.27760543859649,4.26697590643275,-0.0106295321637426,4.63204530569071,4.61449417499238,-0.0175511306983308,8.3277,8.29576
6,SUBJ63_3_JMP_06_shoulder_elbow_joint_personalization,Sacral,4.96582263157895,4.96891538011696,0.00309274853801163,5.28268925368272,5.2825648534608,-0.000124400221919625,9.47416,9.61032
6,SUBJ63_3_JMP_06_shoulder_elbow_joint_personalization,R_Thigh_Lateral,5.08546309941521,5.06807280701754,-0.0173902923976607,5.96293838815482,5.94990856961228,-0.0130298185425431,12.71646,12.67042
6,SUBJ63_3_JMP_06_shoulder_elbow_joint_personalization,R_Knee_Lateral,2.60274953216374,2.58732380116959,-0.0154257309941523,3.09654241572786,3.09069965105019,-0.00584276467767561,8.26924,8.05007
6,SUBJ63_3_JMP_06_shoulder_elbow_joint_personalization,R_Shank_Lateral,5.11424140350877,5.12115187134503,0.00691046783625731,6.18295563528144,6.17996656505892,-0.00298907022251368,14.29345,14.22681
6,SUBJ63_3_JMP_06_shoulder_elbow_joint_personalization,R_Ankle_Lateral,1.86514362573099,1.88428368421053,0.0191400584795322,2.15434765596489,2.17051492722888,0.0161672712639931,5.5992,5.54462
6,SUBJ63_3_JMP_06_shoulder_elbow_joint_personalization,R_Heel,1.82961087719298,1.83757023391813,0.00795935672514647,2.1161560139986,2.12923727633459,0.0130812623359879,4.27026,4.46576
6,SUBJ63_3_JMP_06_shoulder_elbow_joint_personalization,R_Toe,1.47279239766082,1.48581783625731,0.0130254385964914,1.63635611277044,1.65280895461784,0.0164528418474031,3.81688,4.15814
6,SUBJ63_3_JMP_06_shoulder_elbow_joint_personalization,L_Thigh_Lateral,4.99715760233918,5.01606807017544,0.018910467836258,5.42191286517328,5.43012222210826,0.00820935693497237,9.2063,9.26052
6,SUBJ63_3_JMP_06_shoulder_elbow_joint_personalization,L_Knee_Lateral,3.36787350877193,3.39227152046784,0.0243980116959061,3.75938324657467,3.7765718611986,0.0171886146239312,7.80003,7.91642
6,SUBJ63_3_JMP_06_shoulder_elbow_joint_personalization,L_Shank_Lateral,4.83047222222222,4.83759187134503,0.00711964912280573,5.74331043124498,5.75277449716969,0.0094640659247117,13.46418,13.47119
6,SUBJ63_3_JMP_06_shoulder_elbow_joint_personalization,L_Ankle_Lateral,2.38220877192982,2.37372450292398,-0.00848426900584842,2.83860406035034,2.82748546141763,-0.0111185989327077,6.96903,6.9355
6,SUBJ63_3_JMP_06_shoulder_elbow_joint_personalization,L_Heel,2.24887883040936,2.22414608187134,-0.0247327485380115,2.48168261138964,2.45949342880871,-0.022189182580928,5.02711,4.89293
6,SUBJ63_3_JMP_06_shoulder_elbow_joint_personalization,L_Toe,1.89589578947368,1.8859385380117,-0.00995725146198871,2.08906985317384,2.09273394661398,0.00366409344014105,4.19542,4.2184
6,SUBJ63_3_JMP_06_shoulder_elbow_joint_personalization,R_Shoulder,3.20107432748538,3.1916783625731,-0.00939596491227913,3.45142997120915,3.44530124122611,-0.00612872998304688,6.61074,6.43962
6,SUBJ63_3_JMP_06_shoulder_elbow_joint_personalization,L_Shoulder,3.4623583625731,3.46798596491228,0.00562760233918094,3.69869433214903,3.69993620175738,0.00124186960835573,7.4299,7.37216
6,SUBJ63_3_JMP_06_shoulder_elbow_joint_personalization,C7,2.40218883040936,2.39328748538012,-0.00890134502923995,2.53317760391259,2.52715451632929,-0.00602308758330342,6.05661,6.04761
6,SUBJ63_3_JMP_06_shoulder_elbow_joint_personalization,J_Notch,2.60289216374269,2.60282842105263,-6.37426900576901e-05,2.94546730145496,2.94501831410702,-0.000448987347941368,5.94445,5.96043
6,SUBJ63_3_JMP_06_shoulder_elbow_joint_personalization,Thoracic,4.08365649122807,4.0808018128655,-0.00285467836257363,4.31038884599896,4.30390158397156,-0.00648726202740792,7.10725,7.07608
6,SUBJ63_3_JMP_06_shoulder_elbow_joint_personalization,Sternum,4.73191280701754,4.73370087719298,0.00178807017543834,5.04866431793917,5.05063599423388,0.00197167629471459,9.85623,9.8583
6,SUBJ63_3_JMP_06_shoulder_elbow_joint_personalization,R_Elbow,2.42608391812866,2.40198076023392,-0.0241031578947365,2.74339503468472,2.7251849663445,-0.0182100683402179,5.23865,4.9967
6,SUBJ63_3_JMP_06_shoulder_elbow_joint_personalization,L_Elbow,3.15270578947368,3.20703023391813,0.0543244444444441,3.42573149292414,3.45814132678751,0.0324098338633652,6.21422,6.3582
6,SUBJ63_3_JMP_06_shoulder_elbow_joint_personalization,R_Wrist,1.78739087719298,1.78701070175439,-0.000380175438596505,2.02764386019285,2.02806558362601,0.000421723433154976,4.04921,3.96717
6,SUBJ63_3_JMP_06_shoulder_elbow_joint_personalization,L_Wrist,2.68699912280702,2.71195871345029,0.0249595906432749,3.13044490005739,3.14732595919232,0.016881059134929,6.01214,5.97857
7,SUBJ63_3_JMP_07_upper_limb_body_marker_personalization,R_Asis,4.01647935672515,4.04294,0.0264606432748534,4.39735682383777,4.43369826453101,0.0363414406932333,7.95878,8.21079
7,SUBJ63_3_JMP_07_upper_limb_body_marker_personalization,L_Asis,4.26697590643275,4.24980356725146,-0.0171723391812874,4.61449417499238,4.60485904224463,-0.00963513274775205,8.29576,8.23264
7,SUBJ63_3_JMP_07_upper_limb_body_marker_personalization,Sacral,4.96891538011696,4.86091959064327,-0.107995789473685,5.2825648534608,5.17249230897554,-0.110072544485257,9.61032,9.38276
7,SUBJ63_3_JMP_07_upper_limb_body_marker_personalization,R_Thigh_Lateral,5.06807280701754,5.08616029239766,0.0180874853801171,5.94990856961228,5.95649272772427,0.00658415811199617,12.67042,12.78115
7,SUBJ63_3_JMP_07_upper_limb_body_marker_personalization,R_Knee_Lateral,2.58732380116959,2.60886666666667,0.0215428654970762,3.09069965105019,3.13319170908509,0.0424920580348992,8.05007,8.33336
7,SUBJ63_3_JMP_07_upper_limb_body_marker_personalization,R_Shank_Lateral,5.12115187134503,5.13414257309942,0.0129907017543864,6.17996656505892,6.19823063104802,0.0182640659891001,14.22681,14.29062
7,SUBJ63_3_JMP_07_upper_limb_body_marker_personalization,R_Ankle_Lateral,1.88428368421053,1.85258619883041,-0.0316974853801163,2.17051492722888,2.15104568975402,-0.0194692374748577,5.54462,5.68355
7,SUBJ63_3_JMP_07_upper_limb_body_marker_personalization,R_Heel,1.83757023391813,1.84337438596491,0.00580415204678325,2.12923727633459,2.12373890497685,-0.00549837135773844,4.46576,4.21287
7,SUBJ63_3_JMP_07_upper_limb_body_marker_personalization,R_Toe,1.48581783625731,1.46923555555556,-0.0165822807017544,1.65280895461784,1.63840595209943,-0.0144030025184044,4.15814,3.85312
7,SUBJ63_3_JMP_07_upper_limb_body_marker_personalization,L_Thigh_Lateral,5.01606807017544,5.01168725146199,-0.00438081871345121,5.43012222210826,5.43065250546146,0.00053028335320407,9.26052,9.22101
7,SUBJ63_3_JMP_07_upper_limb_body_marker_personalization,L_Knee_Lateral,3.39227152046784,3.35104631578947,-0.0412252046783621,3.7765718611986,3.73784025530036,-0.0387316058982424,7.91642,7.32739
7,SUBJ63_3_JMP_07_upper_limb_body_marker_personalization,L_Shank_Lateral,4.83759187134503,4.81554105263158,-0.0220508187134512,5.75277449716969,5.74311777081117,-0.00965672635852306,13.47119,13.55722
7,SUBJ63_3_JMP_07_upper_limb_body_marker_personalization,L_Ankle_Lateral,2.37372450292398,2.36383087719298,-0.0098936257309939,2.82748546141763,2.81236755629997,-0.0151179051176621,6.9355,6.99472
7,SUBJ63_3_JMP_07_upper_limb_body_marker_personalization,L_Heel,2.22414608187134,2.22287830409357,-0.00126777777777762,2.45949342880871,2.45275282383199,-0.0067406049767205,4.89293,4.74936
7,SUBJ63_3_JMP_07_upper_limb_body_marker_personalization,L_Toe,1.8859385380117,1.88898473684211,0.00304619883041029,2.09273394661398,2.08506994873158,-0.00766399788240104,4.2184,4.16007
7,SUBJ63_3_JMP_07_upper_limb_body_marker_personalization,R_Shoulder,3.1916783625731,3.10529625730994,-0.0863821052631587,3.44530124122611,3.33990478121197,-0.105396460014137,6.43962,6.26204
7,SUBJ63_3_JMP_07_upper_limb_body_marker_personalization,L_Shoulder,3.46798596491228,3.44205988304094,-0.0259260818713447,3.69993620175738,3.67518670233785,-0.0247494994195371,7.37216,7.10259
7,SUBJ63_3_JMP_07_upper_limb_body_marker_personalization,C7,2.39328748538012,2.36554052631579,-0.0277469590643275,2.52715451632929,2.47977705473049,-0.0473774615987934,6.04761,5.79931
7,SUBJ63_3_JMP_07_upper_limb_body_marker_personalization,J_Notch,2.60282842105263,2.58366748538012,-0.0191609356725146,2.94501831410702,2.90362387076898,-0.0413944433380392,5.96043,5.74474
7,SUBJ63_3_JMP_07_upper_limb_body_marker_personalization,Thoracic,4.0808018128655,4.01423426900585,-0.0665675438596483,4.30390158397156,4.2536510464897,-0.0502505374818558,7.07608,6.9643
7,SUBJ63_3_JMP_07_upper_limb_body_marker_personalization,Sternum,4.73370087719298,4.66266707602339,-0.0710338011695897,5.05063599423388,4.97630378229901,-0.0743322119348766,9.8583,9.69831
7,SUBJ63_3_JMP_07_upper_limb_body_marker_personalization,R_Elbow,2.40198076023392,2.36910596491228,-0.032874795321638,2.7251849663445,2.6951340434295,-0.0300509229149998,4.9967,5.103
7,SUBJ63_3_JMP_07_upper_limb_body_marker_personalization,L_Elbow,3.20703023391813,2.83464239766082,-0.37238783625731,3.45814132678751,3.07228735840472,-0.385853968382789,6.3582,5.83846
7,SUBJ63_3_JMP_07_upper_limb_body_marker_personalization,R_Wrist,1.78701070175439,1.77227614035088,-0.0147345614035092,2.02806558362601,2.01589863281921,-0.012166950806804,3.96717,3.99604
7,SUBJ63_3_JMP_07_upper_limb_body_marker_personalization,L_Wrist,2.71195871345029,2.51835128654971,-0.193607426900585,3.14732595919232,2.85359331734989,-0.293732641842424,5.97857,4.81775
8,SUBJ63_3_JMP_08_wrist_axis_personalization,R_Asis,4.04294,4.04294,0,4.43369826453101,4.43369826453101,0,8.21079,8.21079
8,SUBJ63_3_JMP_08_wrist_axis_personalization,L_Asis,4.24980356725146,4.24980356725146,0,4.60485904224463,4.60485904224463,0,8.23264,8.23264
8,SUBJ63_3_JMP_08_wrist_axis_personalization,Sacral,4.86091959064327,4.86091959064327,0,5.17249230897554,5.17249230897554,0,9.38276,9.38276
8,SUBJ63_3_JMP_08_wrist_axis_personalization,R_Thigh_Lateral,5.08616029239766,5.08616029239766,0,5.95649272772427,5.95649272772427,0,12.78115,12.78115
8,SUBJ63_3_JMP_08_wrist_axis_personalization,R_Knee_Lateral,2.60886666666667,2.60886666666667,0,3.13319170908509,3.13319170908509,0,8.33336,8.33336
8,SUBJ63_3_JMP_08_wrist_axis_personalization,R_Shank_Lateral,5.13414257309942,5.13414257309942,0,6.19823063104802,6.19823063104802,0,14.29062,14.29062
8,SUBJ63_3_JMP_08_wrist_axis_personalization,R_Ankle_Lateral,1.85258619883041,1.85258619883041,0,2.15104568975402,2.15104568975402,0,5.68355,5.68355
8,SUBJ63_3_JMP_08_wrist_axis_personalization,R_Heel,1.84337438596491,1.84337438596491,0,2.12373890497685,2.12373890497685,0,4.21287,4.21287
8,SUBJ63_3_JMP_08_wrist_axis_personalization,R_Toe,1.46923555555556,1.46923555555556,0,1.63840595209943,1.63840595209943,0,3.85312,3.85312
8,SUBJ63_3_JMP_08_wrist_axis_personalization,L_Thigh_Lateral,5.01168725146199,5.01168725146199,0,5.43065250546146,5.43065250546146,0,9.22101,9.22101
8,SUBJ63_3_JMP_08_wrist_axis_personalization,L_Knee_Lateral,3.35104631578947,3.35104631578947,0,3.73784025530036,3.73784025530036,0,7.32739,7.32739
8,SUBJ63_3_JMP_08_wrist_axis_personalization,L_Shank_Lateral,4.81554105263158,4.81554105263158,0,5.74311777081117,5.74311777081117,0,13.55722,13.55722
8,SUBJ63_3_JMP_08_wrist_axis_personalization,L_Ankle_Lateral,2.36383087719298,2.36383087719298,0,2.81236755629997,2.81236755629997,0,6.99472,6.99472
8,SUBJ63_3_JMP_08_wrist_axis_personalization,L_Heel,2.22287830409357,2.22287830409357,0,2.45275282383199,2.45275282383199,0,4.74936,4.74936
8,SUBJ63_3_JMP_08_wrist_axis_personalization,L_Toe,1.88898473684211,1.88898473684211,0,2.08506994873158,2.08506994873158,0,4.16007,4.16007
8,SUBJ63_3_JMP_08_wrist_axis_personalization,R_Shoulder,3.10529625730994,3.10529625730994,0,3.33990478121197,3.33990478121197,0,6.26204,6.26204
8,SUBJ63_3_JMP_08_wrist_axis_personalization,L_Shoulder,3.44205988304094,3.44205988304094,0,3.67518670233785,3.67518670233785,0,7.10259,7.10259
8,SUBJ63_3_JMP_08_wrist_axis_personalization,C7,2.36554052631579,2.36554052631579,0,2.47977705473049,2.47977705473049,0,5.79931,5.79931
8,SUBJ63_3_JMP_08_wrist_axis_personalization,J_Notch,2.58366748538012,2.58366748538012,0,2.90362387076898,2.90362387076898,0,5.74474,5.74474
8,SUBJ63_3_JMP_08_wrist_axis_personalization,Thoracic,4.01423426900585,4.01423426900585,0,4.2536510464897,4.2536510464897,0,6.9643,6.9643
8,SUBJ63_3_JMP_08_wrist_axis_personalization,Sternum,4.66266707602339,4.66266707602339,0,4.97630378229901,4.97630378229901,0,9.69831,9.69831
8,SUBJ63_3_JMP_08_wrist_axis_personalization,R_Elbow,2.36910596491228,2.36910596491228,0,2.6951340434295,2.6951340434295,0,5.103,5.103
8,SUBJ63_3_JMP_08_wrist_axis_personalization,L_Elbow,2.83464239766082,2.83464239766082,0,3.07228735840472,3.07228735840472,0,5.83846,5.83846
8,SUBJ63_3_JMP_08_wrist_axis_personalization,R_Wrist,1.77227614035088,1.77227614035088,0,2.01589863281921,2.01589863281921,0,3.99604,3.99604
8,SUBJ63_3_JMP_08_wrist_axis_personalization,L_Wrist,2.51835128654971,2.51835128654971,0,2.85359331734989,2.85359331734989,0,4.81775,4.81775
